{"cameraMode":{"drawMode":0,"name":"Shaded","section":"Shading Mode"},"sceneLighting":false,"audioPlay":false,"sceneViewState":{"showFog":true,"showMaterialUpdate":false,"showSkybox":true,"showFlares":true,"showImageEffects":true,"showParticleSystems":true},"in2DMode":false,"pivot":{"x":10.139697074890137,"y":33.774871826171878,"z":71.1133804321289},"rotation":{"x":-0.013809247873723507,"y":-0.0039027086459100248,"z":0.00005375042383093387,"w":-0.9998970627784729},"size":298.42181396484377,"orthographic":false}